Date,.GDAXI,SAPG.DE,SIEGn.DE,DTEGn.DE,AIRG.DE,ALVG.DE,MBGn.DE,VOWG_p.DE,BMWG.DE,SHLG.DE,BAYGn.DE,DPWGn.DE,IFXGn.DE,MUVGn.DE,BASFn.DE,DB1Gn.DE,EONGn.DE,HNKG_p.DE,BEIG.DE,RWEG.DE,ADSGn.DE,SATG_p.DE,DTGGe.DE,HNRGn.DE,MRCG.DE,DBKGn.DE,ENR1n.DE,VNAn.DE,SY1G.DE,FREG.DE,CONG.DE,HEIG.DE,MTXGn.DE,CBKG.DE,RHMG.DE,BNRGn.DE,ZALG.DE,QIA.DE,PSHG_p.DE,1COV.DE
2022-04-29,14097.88,97.02693216,117.78,17.57,105.5,216.2,67.1,148.94,78.51,51.26,62.9,40.92,27.45,227.3,50.41,166.2,9.93,61.36,95.82,39.59,193.72,359.1,25.8,148.9,176.95,9.626,18.43,38,113.45,33.8,66.02,55.26,193.65,6.282,214.8,73.94,37.83,44.04,79.54,41.29
2022-05-02,13939.07,95.98266936,115.12,17.29,103.96,215,62.22,147.22,77.64,50.22,60.18,40.33,26.76,223.8,47.435,166.45,9.874,60.48,94.32,38.85,194.18,345.3,25.49,145.85,173.05,9.477,17.19,35.93,112.45,33.44,62.46,54.74,187.9,6.204,211.6,72.3,37.74,44.01,77.48,41.41
2022-05-03,14039.47,94.729554,114.56,17.376,106.44,217,62.88,150.2,79.98,50.42,61.14,40.2,27.425,225.3,47.51,166.6,9.824,60.96,93.52,39.08,192.26,350.3,26.26,146.8,174.05,9.861,17.865,36.2,109.85,34.06,64.32,55.22,197.1,6.412,222.4,72.18,38.07,44.06,79.58,39.4
2022-05-04,13970.82,92.97917064,115.78,17.53,102.68,213.55,62.33,148.52,79.47,51.98,61.1,40.86,27.285,224.1,49.045,166.45,9.784,60.72,93.56,40.57,193.8,337.2,26.695,147.85,168,9.818,17.805,35.25,109.65,35.13,63.3,55.42,192.3,6.31,213.1,72.48,37.15,43.34,78.32,40.2
2022-05-05,13902.52,94.69971792,116.58,17.592,108.96,199.76,61,147.18,78.03,53.06,60.54,39.96,27.335,219,47.575,163.7,9.752,59.56,93.32,40.3,188.22,337.7,25.74,137.55,169.8,9.451,17.35,35.89,109.35,35.05,60.54,54.18,189.95,6.188,211,71.34,33.21,44.05,77.78,38.75
2022-05-06,13674.29,91.13927904,114.64,17.302,107.34,195.7,62.08,145.86,79.06,51.02,59.86,38.98,27.29,216.7,47.435,161.3,9.668,61.38,91.28,40.63,181.36,330.4,25.965,138.55,164.75,9.315,17.165,34.26,102.4,34.1,61.32,53.86,188.8,6.12,207.8,69.02,33.42,43.29,76.92,38.42
2022-05-09,13380.67,90.27403272,111.7,17.142,103.82,191.66,60.56,142.72,77.62,49.7,58.72,36.26,25.645,213.7,47.08,158.65,9.762,61.42,89.04,40.03,173.54,314.9,25.76,137.2,163.45,8.956,16.68,32.71,98.4,34.03,60.42,53.74,179.3,6.048,187.05,65.82,31.9,42.87,74.56,37.54
2022-05-10,13534.74,91.15916976,114.72,17.28,104.8,193.72,61.13,142.8,78.21,50.84,61.89,37.335,25.76,217,48.51,161.3,9.854,63.24,90.64,39.49,173.36,317.5,25.785,140.6,165.1,9.101,16.685,32.84,99.94,33.24,61.8,54.14,174.45,6.142,181.9,67.16,32.53,42.1,72.34,38.43
2022-05-11,13828.64,92.56146552,116.8,17.51,107.4,205.15,63.86,146.7,82.26,51.64,58.04,37.815,26.765,227.5,49.6,162.1,10.23,63.3,93.5,40.4,181.86,330,26.1,144.15,169.55,9.314,16.23,34.17,101,34.08,64.02,54.72,180.05,6.268,186.85,68.66,32.17,42.56,76.14,39.08
2022-05-12,13739.64,92.8896624,113.9,17.948,104.44,198.34,63.51,146.44,75.78,52.76,60.4,37.95,27.6,227.1,49.06,162,9.946,62.74,93.4,38.85,180.48,312.6,26.37,144.25,160,9.132,15.625,33.11,101.35,33.32,65.22,52.18,177.25,6.284,179.35,69.42,33.09,42.51,76.44,38.99
2022-05-13,14027.93,94.46102928,116.08,18.322,106.38,200.4,64.1,144.2,77.66,54.38,61.54,38.96,28.595,228.1,49.38,162.85,9.894,62.9,95.28,39.91,180.96,335.8,27.405,144.35,160,9.347,16.45,33.19,102.25,34.09,66.36,52.18,180.45,6.428,183.9,71.3,34.12,44.17,77.82,39.55
2022-05-16,13964.38,92.73053664,113.6,18.078,105.82,198.82,63.56,144.74,77.66,55.46,63.21,38.465,28.255,226.4,49.295,162.1,9.93,63.46,95.82,41.2,180.06,342.4,27.03,145.05,161,9.219,16.565,33.49,102.8,33.23,64.62,52.08,179.85,6.49,188.2,70.34,34.67,44.23,75.28,39.56
2022-05-17,14185.94,93.42671184,116.5,18.126,108.28,202.25,65.14,145.92,78.62,56.16,64.12,39.34,28.79,229,50.69,164.25,9.914,63.58,95.9,41.25,183.3,346.4,28.785,146.7,164.6,9.538,16.8,33.63,105.1,33.25,65.72,52.56,183.8,6.81,190.65,70.92,35.61,44.02,73.18,40.72
2022-05-18,14007.76,91.000044,113.62,18.1,107.94,200.85,64.76,145.98,78.02,55.7,63.8,38.7,27.74,225.5,49.855,164.2,10.075,62.9,95.16,42.55,175.98,334.4,29.13,144.75,163.95,9.471,17.025,33.36,102.95,32.78,65.24,51.88,184.75,7.02,190.4,69.7,34.48,42.4,72.08,40.05
2022-05-19,13882.3,90.23,112.46,18.08,106.6,194.8,63.28,145.32,77.84,54.52,63.4,37.48,27.845,222.8,48.86,159.15,9.956,61.58,93.16,42.47,171.88,338.3,28.36,143.45,167.7,9.492,17.09,33.8,101.3,31.79,65.78,52.02,181.95,7.22,189.25,69.06,35.92,42.29,70.86,39.61
2022-05-20,13981.91,92.02,115.08,18.32,106.86,195.58,63.3,145.68,77.45,54.64,63.74,37.455,27.725,221.4,48.85,162.4,10.045,61.78,93.92,43.12,172.8,341,28.03,139.05,172.4,9.362,16.935,33.99,102.2,32.31,66.7,51.86,182.5,7.236,191.8,70.16,36,42.73,71.58,39.99
2022-05-23,14175.4,93.01,116.7,18.49,107.22,199.38,64.56,147.82,78.24,54.72,64.47,38.09,28.05,223,49.735,162.7,10.105,62.62,95.52,43.32,175.48,343.1,28.5,141.15,175.9,10.018,16.81,34.5,102.75,32.04,66.84,52.62,181.3,7.71,188.3,71.72,35.72,42.84,73,40.94
2022-05-24,13919.75,91.98,114.2,18.6,102.74,197.86,63.71,145.44,77.79,54.5,63.29,37.095,27.045,221.9,48.755,165.85,9.78,61.68,95.38,41.42,171.2,338.2,27.785,138.75,175.1,10.084,17.25,33.5,101.75,31.65,65.84,52.54,176.35,7.66,192.4,70.06,32.43,42.82,71.84,40.24
2022-05-25,14007.93,90.63,114.82,18.83,104.82,197.48,64,147.78,78.55,53.76,63.78,37.51,26.845,222.7,49.465,163.25,9.928,61.96,95.1,42.3,172.08,341.1,27.995,139.7,176.45,10.256,16.925,33.87,101,31.9,66.92,53.74,178.6,7.774,193.35,70.36,33.75,42.8,72.72,41.01
2022-05-26,14231.29,91.6,118.52,18.936,109.14,198.8,65.2,151.34,80.25,53.88,65.9,37.88,27.72,225.1,50.79,163.75,9.88,62.7,94.8,41.7,176.76,342.6,28.625,141.05,175.4,10.414,17.505,34.06,101.7,32.18,69.8,53.9,184.55,8.03,194.45,71.8,37.2,42.59,73.32,41.89
2022-05-27,14462.19,93.99,121.86,19.08,112.02,200.2,66.02,152.24,80.77,56.28,66.58,38.1,29.005,228.3,51.11,163.75,9.65,61.66,95.32,40.46,179.96,362.9,29.05,143.8,178.2,10.392,17.62,35.57,104.25,32.51,70.4,54.2,189,8.08,193.95,73.18,37.48,44.05,73.42,42.18
2022-05-30,14575.98,95.12,124.82,19.082,112.48,199.6,66.27,153.96,81.48,57.12,66.5,38.945,29.575,230.6,51.44,159.95,9.614,63.08,96.16,40.61,184.82,374.3,29.23,144.45,179.85,10.646,17.935,35.59,106.3,32.18,71.38,54.42,189.85,8.236,197,73.88,39.08,44.16,74.24,42.73
2022-05-31,14388.35,92.79,122.44,19.124,108.74,195.02,66.2,154.68,80.63,55.88,66.58,38.505,28.94,227.7,51.29,156.25,9.484,63.7,96.52,41,184.46,375.6,29.03,142.4,175,10.374,17.935,35.45,102.75,31.88,71.28,54.1,183.85,8.078,188.3,71.96,37.85,42.81,76.14,42.5
2022-06-01,14340.47,93.3,122.58,19.118,108.26,193.9,67.3,157.8,82.33,54.9,66.74,37.28,28.9,222,51.73,154.35,9.51,62.76,95.3,40.8,182.44,353.6,29.59,138.5,172.1,10.288,17.845,34.98,102.25,31.56,71.94,53.78,183.9,8.03,192.15,71.8,35.36,42.24,79.22,43.08
2022-06-02,14485.17,93.85,125.24,19.092,109.24,194.74,67.8,158.96,83.82,55.46,65.51,37.745,29.54,223.4,52.6,155.5,9.468,62.96,96,40.6,186.6,372,29.72,139.55,174.8,10.214,18.39,35.62,103.9,31.11,72.3,54.08,185.35,8.102,197.95,72.56,36.59,42.58,79.18,44.05
2022-06-03,14460.09,93.61,124.02,19.154,108.6,195.18,67.35,156.68,82.93,55.4,66.12,37.76,29,225.8,52.02,155.55,9.668,62.58,95.92,40.52,187.14,370.5,29.58,143.3,173.1,10.2,18.285,35.4,103.35,31.2,71.48,53.6,184.2,8.156,208.5,72.5,35.22,42.43,77.8,43.8
2022-06-06,14653.81,94.72,125.84,19.25,111.32,198.3,68.23,158.6,83.58,55.54,66.68,38.705,29.29,229.3,52.52,156.4,9.646,63.22,96.84,41,188.34,370.3,29.895,144.25,175.35,10.456,18.64,35.89,103.9,31.29,74.42,54.46,188.9,8.48,206.3,73.06,36.6,42.93,77.46,44.06
2022-06-07,14556.62,94.47,125,19.15,110.3,196.16,67.77,157.66,82.59,55.88,65.92,38.305,28.65,228.7,52.18,153.9,9.668,62.24,95.82,41.76,186,374.5,29.815,144.85,173.7,10.336,18.775,35.92,103.55,31.32,74.56,54.52,187.7,8.364,212.1,72.48,34.83,43.19,76.52,43.4
2022-06-08,14445.99,93.6,124.16,18.68,108.24,191.58,67.95,159.8,83.5,56.22,65.87,36.9,28.505,223.9,52.68,150.9,9.644,61.7,94.78,41.36,186.98,383.1,30.02,141.6,176,10.14,18.45,35.62,103.25,31.23,75.12,54.22,186.9,8.27,216.7,71.9,34.51,43.75,76.14,43.81
2022-06-09,14198.8,92.35,121.68,18.56,105.36,189.38,66.95,157.2,82.66,54.78,65.39,35.785,27.53,225.2,51.87,150.55,9.574,61.36,98.72,41.05,181.4,368.2,29.375,142.55,173.05,10.014,17.22,33.88,101.5,30.41,75.36,53.9,180.7,8.19,207.9,70.68,31.59,43.46,74.96,43.36
2022-06-10,13761.83,89.03,115.1,18.15,101.94,182.5,64.91,152.28,80.54,52.68,63.56,34.815,26.645,219,49.63,151.95,9.522,60.02,97.48,40.7,175.7,357.7,28.44,137.2,168.65,9.428,16.845,32.75,101,30.03,73.64,51.44,176.2,7.73,203,68.52,30.76,42.36,72.7,41.56
2022-06-13,13427.03,87,111.6,17.812,97.58,182.04,62.15,145.18,77.97,50.6,63.47,34.235,24.83,218.8,49.075,150.1,9.326,59.7,97.4,38.98,169.68,331,27.78,138.25,167.6,9.25,15.975,30.86,99.48,29.91,70.98,50.14,168.8,7.528,203,70.7,29.5,42.22,69.02,40.77
2022-06-14,13304.39,87.01,109.22,17.818,96.38,182.06,62.29,144.16,77.61,49.76,63.61,34.58,24.27,219.4,48.39,151.85,9.09,58.78,93.04,38.17,164.54,314.9,27.36,139.25,163.45,9.256,15.605,31.62,95.72,29.63,70.62,49.68,168.75,7.522,206.7,70.78,27.67,40.83,68.46,39.6
2022-06-15,13485.29,88.99,108.98,18,96.67,186.5,63.44,147.06,79.54,46.5,63.54,35.325,24.995,226.2,49.03,154.35,9.1,59.38,93.5,38.57,166.44,319.8,27.63,143.15,164,9.496,15.825,31.59,97.12,29.74,73.04,51.06,173,7.83,210.2,72.26,28.45,42.28,69.42,39.59
2022-06-16,13038.49,87.77,102.3,17.804,93.12,183.5,61.7,142.8,77.15,45.31,61.75,34.445,23.43,220.9,45.665,154.3,8.496,57.54,91.02,37.1,162,302.4,26.65,140.3,163.25,9.338,15.35,30.28,95.34,29.11,69.22,49.76,170,7.614,205.9,69,24.91,41.55,68.56,36.15
2022-06-17,13126.26,89.02,103.62,18.096,94.12,183.44,61.93,141.66,77.6,44.95,62.55,35.225,23.735,218.9,45.3,154,8.72,58.26,89.72,37.39,166,308.1,26.825,137.4,158.15,9.401,15.31,31.26,97.28,28.9,69.62,49.76,171.2,7.858,211.3,67.72,25.71,41.39,67.5,35.73
2022-06-20,13265.6,89.24,103.54,18.524,97.04,186.12,62.98,143.8,78.72,44.43,63.36,34.875,24.095,222.6,45.75,154.75,8.77,60.34,93.56,38.79,166.52,303.2,27.16,139.6,157.7,9.663,15.68,31.07,100.65,29.22,72.22,49.3,180.25,8.21,218,66.2,25.89,40.22,67.34,35.58
2022-06-21,13292.4,89.46,103.14,18.352,96.06,185.14,64.17,146.48,79.66,44.33,62.06,35.245,24.4,220.2,46.075,154.75,8.728,60.08,94.08,39.01,166.08,307.6,27.185,137.85,158.65,9.709,15.77,31.71,100.8,27.79,72.5,49.52,177.4,8.418,224,65.64,25.49,40.99,68.44,36.12
2022-06-22,13144.28,89.55,101.54,18.666,93.02,183.84,62.42,144.4,78.16,44.5,60.74,35.405,24.005,219.1,43.4,155.95,8.85,59.88,95.26,38.39,164.98,309.2,26.14,135.85,157.15,9.694,15.61,31.54,101.85,27,70.84,49.07,173.8,8.328,217.6,62.9,25.69,41.56,67.74,34.14
2022-06-23,12912.59,89.38,99.26,18.658,90.87,179,58.58,139.06,74.9,44.65,58.54,35,23.355,217,41.43,156.2,8.746,59.54,96.68,38.62,167.06,315.1,25.215,131.35,156.1,8.512,15.22,30.93,101.9,27.56,67.4,47.57,170.3,7.346,205.4,59.9,25.54,42.18,65.42,33.11
2022-06-24,13118.13,92.33,102.62,18.88,92.67,181.2,58.56,139.18,74.94,46.83,57.79,35.905,24.06,222.6,42.215,157.3,8.602,60.36,97.98,37.42,170.36,328.2,25.73,136.85,164.8,8.919,15.7,31.7,106.2,28.1,66.62,48.49,173.6,7.328,206.4,60.8,25.14,43.5,64.8,34.48
2022-06-27,13186.07,92.3,104.14,18.842,93.41,181.04,59.24,138.88,75.73,47.85,59.4,36.515,24.505,220.8,42.81,158.95,8.514,60.9,98.62,36.81,171.88,334.5,26.09,136.4,165.1,8.89,15.645,31.24,106.25,28.73,68.28,48.78,172.4,7.27,214.8,61.78,25.72,44.6,66.1,34.26
2022-06-28,13231.82,91.24,104.14,19.068,94.95,183.1,58.93,140.82,76.48,47.72,60.23,36.075,24.34,226.3,43.025,158,8.61,60.5,97.86,37.53,170.32,331.4,25.88,137.5,163.7,8.863,15.59,31.34,104.95,28.98,70,48.7,178.45,7.17,222.2,62.92,25.22,44.5,67.88,34.38
2022-06-29,13003.35,90.17,101.4,19.034,92.15,183.72,57.6,134.46,74.52,47.36,57.62,35.89,23.905,223.3,41.58,159.65,8.368,59.8,98.56,37.03,170.02,325.5,25.33,137.05,160.8,8.571,14.61,30.59,104.3,29.14,68.68,47.42,173,7.008,222.9,62.1,24.71,44.37,65.82,32.98
2022-06-30,12783.77,86.93,97.09,18.946,92.44,182.12,55.22,127.42,73.46,48.49,56.72,35.74,23.09,224.2,41.525,159.6,8.008,58.78,97.48,35.08,168.76,333.4,24.91,138.5,161,8.318,13.985,29.4,103.85,28.9,66.5,45.84,173.7,6.686,220.3,62.1,24.96,44.7,63.12,32.98
2022-07-01,12813.03,86.7,96,19.216,95.21,182,55,127.48,73.76,48.13,57.35,35.85,22.29,228.1,41.27,154.45,8.202,59.38,98.3,36.92,167.64,343.2,25.035,140.15,165.7,8.053,14.22,29.52,105.65,29.14,66.38,45.88,177.3,6.38,212.6,61.94,26.15,45.46,62.94,32.53
2022-07-04,12773.38,85.44,97.32,19.266,93.44,183.02,53.45,127,72.79,48.4,57.24,35.65,21.685,230.9,41.885,156.65,8.17,59.96,99.2,36.61,167.66,345.9,24.76,142.8,165.4,8.092,14.095,28.06,107.3,29.32,66.34,46.4,173.7,6.182,210.1,62.42,25.16,46.29,61.76,32.46
2022-07-05,12401.2,85.43,93.74,18.864,89.31,175.22,51.03,120.8,71.5,47.83,55.52,35.345,21.065,216.1,39.325,155.3,7.916,60.04,98.76,35.49,166.24,353.8,22.84,131.8,167.85,7.763,13.37,27.84,107.3,28.53,62.54,43.72,160.1,5.936,188.25,60,23.8,46.65,59.06,30.79
2022-07-06,12594.52,87.84,96.05,19.016,92.7,175.5,50.62,120.64,71.37,49.34,56.19,35.335,22.01,219.6,39.75,160.6,7.858,60.94,100.7,35.55,164.54,368,22.755,134.95,171.7,7.688,13.805,28.7,109.6,28.74,63.42,43.74,165.75,5.802,186.6,60.44,25.17,47.35,59.92,31
2022-07-07,12843.22,88.89,97.71,19.202,94.77,178.46,53.85,126.96,74.78,48.38,56.59,36.32,22.755,224.3,41.3,158.75,8.032,61.04,99.3,35.71,169.28,369.9,24.4,140,173.3,7.983,14.4,29.01,108.3,28.61,65.72,45.19,169.75,5.94,194.5,61.96,26.61,47.84,63.82,32.25
2022-07-08,13015.23,89.6,99.84,19.216,96,180.28,55.87,134.46,76.04,49.23,57.83,36.355,23.25,224.2,42.915,159.95,8.184,61.88,98.94,35.82,168.46,379.2,25.305,139,175.1,8.2,14.84,28.46,107.95,28.91,67.8,47.33,175.5,6.406,195,62.68,27.12,47.43,67.74,33.44
2022-07-11,12832.44,88.38,96.8,19.222,96.62,178.28,53.58,130.28,73.79,48.53,56.15,35.775,22.78,220.9,41.265,160.95,8.112,61.54,98.12,36.49,163.08,391.4,24.045,136.45,176.65,7.87,14.44,28.01,109.55,28.34,65.32,46.33,173.2,6.148,189.3,61.52,26.06,47.6,66.1,32
2022-07-12,12905.48,86.97,97.63,19.308,100.66,179.38,54,130.62,74.42,47.98,56.44,36.05,22.83,223.1,42.53,164.55,8.062,61.26,98.08,36.48,160.66,384.2,24.5,137.4,175.55,7.907,14.515,28.23,106.15,28.2,65.94,47.4,180.15,6.032,190.95,61.28,26.3,46.55,66.02,32.25
2022-07-13,12756.32,85.41,96.11,19.19,101.26,175.98,51.52,128.34,72.46,47.66,56.15,35.93,22.765,221.5,41.45,165.2,8.052,61.64,98.76,36.16,160.94,380.9,23.855,136.75,174.05,7.778,14.305,28.26,106.15,27.4,65.26,46.3,178.55,5.992,186.5,60.16,25.26,46.16,65.24,32.03
2022-07-14,12519.66,84.94,95.86,18.762,99.39,169.94,50.68,126.3,72.22,46.83,54.42,35.575,22.62,214.8,40.4,160.2,7.942,60.34,97.84,35.56,154.44,373.9,23.62,133.3,171.15,7.674,14.155,27.69,103.65,26.94,62.8,45.48,175.6,5.732,179.45,59.18,25.45,45.48,63.9,31.6
2022-07-15,12864.72,87.23,100.1,19.082,103.78,173,52.87,132.24,75.12,48.52,55.63,36.32,23.22,219.6,41.455,159.6,8.048,61.06,97.98,36.82,160.96,382.2,24.37,136.95,174.25,7.799,14.175,28.19,105.1,27.55,65.94,46.78,183,5.938,187,61.32,25.7,46.34,67.48,32.19
2022-07-18,12959.81,87.72,101.2,18.94,104.34,173.68,53.97,135.96,76,47.86,55.43,36.685,23.67,220.7,42.72,161,8.05,61.2,98.8,37.11,165.18,370.9,24.79,138.8,165.35,8.071,14.535,28.65,105.7,27.19,68.24,47.77,185.75,6.176,189.4,62.86,27.02,45.64,69.08,32.88
2022-07-19,13308.41,89.88,105.78,19.082,105.88,175.72,56.44,141.22,78.13,48.9,58.07,37.585,24.3,223.9,44.685,162.55,8.394,62.02,100.45,38.59,175.92,378,25.705,140.6,170.5,8.432,14.875,29.46,107.25,27.88,70.86,49.67,189.8,6.578,192.6,64.18,28.04,45.9,70.38,34.79
2022-07-20,13281.98,90.72,106.86,18.864,104.7,175.14,55.39,139.62,77.53,47.96,58.84,38.29,24.69,221.1,44.665,163.6,8.428,61.14,98.84,38.26,173.9,383.2,25.7,137.75,170.5,8.399,14.995,29.57,106.85,27.33,71.3,48.92,190.5,6.586,189.1,63.94,28.51,45.7,69.68,34.67
2022-07-21,13246.64,88.14,107.14,18.734,104.74,174.38,55.08,135.88,76.89,49.88,57.4,38.415,25.225,219,43.67,165.1,8.116,61.6,99.38,37.25,175.08,413,25.65,136.35,180.6,8.46,14.985,29.97,109.6,26.93,71.76,48.47,190.6,6.648,180.55,66.04,28.55,47.46,68.64,33.96
2022-07-22,13253.68,92.06,105.42,18.164,105.58,174.12,54.69,134.32,77.1,49.28,56.79,37.975,24.825,219.2,43.14,161.15,8.456,61.28,99.92,37.52,176.62,418.5,25.615,138.3,178.05,8.262,15.285,31.92,111.05,27.3,70.54,48.55,192.5,6.336,181.5,66.2,29.76,46.89,68.98,33.44
2022-07-25,13210.32,90.01,104.4,18.182,105.66,174.42,55.45,132.64,77.97,48.24,57.69,37.755,24.8,220.1,43.14,161.6,8.43,61.28,99.74,37.84,176.02,399.3,25.465,137.55,180.35,8.351,14.975,30.84,109,27.44,70.88,48.54,191.1,6.384,179.5,65.66,28.82,46.39,68.12,33.16
2022-07-26,13096.93,89.22,102.84,18.13,104.94,173.64,54.27,130.42,76.08,49,57.69,36.97,24.345,220.1,42.185,161.5,8.398,61.9,100.8,38.15,169.72,399.6,25.195,137.65,179.9,8.189,14.425,30.04,109.55,27.76,69.08,47.23,192.65,6.286,178,65.08,25.99,46.43,67.28,32.23
2022-07-27,13166.38,88.85,104.52,18.496,106.06,173.82,56.25,130.8,76.58,49.14,57.02,36.925,25.25,220.2,41.62,165.25,8.498,61.52,100.45,39.16,161.06,406.8,25.82,137.4,180.85,8.055,14.895,31.01,110.25,27.24,67.02,47.91,187.4,6.416,183.6,65.24,26.39,46.83,67.28,32.34
2022-07-28,13282.11,89.9,106.1,18.392,102.96,173.38,56.74,135.6,78.43,49.33,57,37.68,25.65,218,42.55,168.65,8.534,61.5,100.45,39.82,166.34,418,26.395,135.95,184.5,8.341,15.845,32,111.45,25.02,67.82,47.87,189.45,6.506,183.75,66.74,25.67,48.4,69.62,32.64
2022-07-29,13484.05,90.68,108.54,18.506,104.98,177.32,57.22,137.3,79.48,50.02,57,38.9,26.55,221.1,43.415,170.5,8.77,62.28,100.65,40.18,167.8,435.5,26.59,138.3,185.7,8.526,16.185,32.47,113.6,24.95,69.22,49.5,188.1,6.678,178.85,68.36,27.35,48.86,70.4,33.23
2022-08-01,13479.63,91.69,107.02,18.652,102.48,178.28,57.45,138.62,79.89,50.36,56.72,39.38,26.725,220.6,43.335,173.05,8.746,62.6,102.15,40.31,170.92,438.2,27.015,138.5,184.95,8.402,15.525,31.57,113,24.8,68.58,48.72,189.85,6.724,187.7,68.92,26.98,48.5,70.36,33.05
2022-08-02,13449.2,89.63,106.4,18.858,102.78,176.24,57.8,141.52,81.08,49.62,58,38.85,26.46,220.8,43.74,172.4,8.908,62.74,102,40.16,167.08,435.2,27.325,138.8,182.7,8.41,15.3,31.47,114.4,24.08,67.12,48.45,188.7,6.742,193.35,68.24,26.12,48.47,70.78,33.51
2022-08-03,13587.56,91.8,107.54,18.66,104.12,179.18,58.73,144.48,76.57,49.08,58.76,39.53,27.775,224.3,43.87,174.55,8.77,63.58,102.25,40.03,171,431.9,27.45,141.6,183.7,8.564,15.455,31.64,109.75,24.08,70.78,49.89,189.3,6.91,195.5,68.18,27.64,48.95,72.38,33.81
2022-08-04,13662.68,92.84,109.26,18.618,103.84,179.46,59.13,143.6,76.27,50.9,57.28,39.935,28.53,223.9,44.225,173.9,8.792,64.08,104.5,40.36,175.24,429.4,27.895,144.7,185.75,8.626,16.09,30.21,111.75,24.23,69.28,50.9,188,7.088,189.15,68.88,31.26,48.75,72.28,33.14
2022-08-05,13573.93,92.23,108.64,18.782,104.76,176.64,58.91,143.44,76.61,51.2,53.28,41.755,27.56,225.1,44.02,174,8.796,63.82,101.85,41.1,171.56,413.7,27.58,143.75,184.55,8.755,16.54,30.32,108.25,24.55,68.08,50.84,186.05,7.24,166.85,68.12,30.85,48.36,72.3,33.14
2022-08-08,13687.69,93.1,109.4,18.774,106.12,177.84,60.47,145.7,78.1,51.7,52.95,40.62,27.55,228.4,44.8,174.75,9.034,64.74,102.75,41.97,175.1,421.6,27.91,144.85,186.1,8.799,16.37,30.96,109.5,24.52,69.44,50.92,189.05,7.03,167.9,68.14,31.34,48.56,73.12,33.19
2022-08-09,13534.97,91.88,106.52,18.986,106.44,178.56,59.63,142.86,77.09,50.82,52.16,39.78,26.13,232.4,43.995,174.9,9.164,64.72,101.95,42.32,169,412.8,27.455,147.4,184,8.727,15.815,30.4,107.25,24.47,64.9,50.24,188.9,6.874,164.9,67.3,29.49,47.58,71.42,32.41
2022-08-10,13700.93,93.38,109.18,18.856,107.58,178.5,60.52,145.92,77.99,51.6,51.9,40.495,27.065,235,44.445,172.7,8.95,64.8,102.4,42.49,173.36,423.8,27.935,146.2,187.8,8.829,16.695,31.14,109.8,24.67,67.1,51.22,190.05,6.876,163.3,69.54,31.32,48.03,72.34,32.98
2022-08-11,13694.51,92.8,109.92,18.938,107.66,179,60.52,146.94,77.71,52.24,51.68,40.57,27.345,235.1,43.425,170.05,9.22,64.44,101.8,42.25,172.02,443,27.835,147.55,187.1,8.864,16.56,30.74,111,24.69,65.74,50.88,192.65,6.91,167.4,69.98,31.93,48.58,71.34,31.82
2022-08-12,13795.85,93.03,111.84,18.684,108.4,181.08,60.93,148.32,78.55,51.66,54.15,40.01,27.47,238.7,44.155,164.5,9.408,64.78,101.75,42.52,173.2,440.2,28.4,150.4,183.6,9.061,16.355,31.43,111.5,24.57,67.04,50.88,192.15,7.142,167.05,70.2,31.99,48.36,70.08,32.57
2022-08-15,13816.61,93.29,112.2,18.758,108.82,178.78,60.56,150.02,78.12,51.02,53.56,40.335,27.47,238.7,44.06,168.95,9.366,65.12,102.25,42.38,172.94,446.3,28.57,151.05,185.95,8.942,16.5,31.24,113.65,24.64,65.52,51.34,196.5,7.134,169.95,70.46,31.43,48.47,69.94,32.28
2022-08-16,13910.12,92.57,112.04,19.112,110.66,179.94,61.22,150.6,79.25,51.14,54.3,40.805,27.5,239.7,44.75,168.2,9.508,65.84,102.95,43.52,173.36,443.9,28.675,151.25,184,8.964,16.47,31.65,112.4,24.91,67.22,51.58,198.15,7.154,176.25,71.02,30.75,47.69,71.76,32.98
2022-08-17,13626.71,91.28,108.64,18.866,108.12,177.54,60.09,147,77.29,50.82,53.37,40.01,26.02,235.5,42.685,168.5,9.232,66.52,102.55,43.07,169.1,451,27.6,147.6,182.9,8.856,16.285,30,112.8,24.24,64,49.52,195.9,7.014,174.5,70.3,28.41,47.25,69.92,31.23
2022-08-18,13697.41,91.51,110.26,18.796,108.3,178.52,60.34,148.92,77.89,50.24,54.06,39.96,26.74,235.8,43.44,170.8,9.162,66.72,102.75,42.91,167.52,452,27.505,148.75,182,8.868,16.36,30.22,114,24.57,64.92,49.5,194.95,6.994,170.85,70.88,27.09,46.94,69.94,31.85
2022-08-19,13544.52,91.3,108.2,18.896,106.2,176.02,58.09,145.76,75.81,49.91,54.4,39.45,26.21,233.8,43.035,170.8,9.194,66.56,103.35,43.08,165.6,449.2,27.095,147.65,182,8.496,15.9,29.1,112.9,24.62,63.06,48.69,191.2,6.71,168.15,69.76,26.61,46.86,67.76,31.48
2022-08-22,13230.57,89.18,103.7,18.988,103.1,173.5,55.91,139.4,73.02,48.46,53.41,38.055,25.215,232,41.18,170.95,8.92,66.16,103.15,42.7,156.98,443.9,26.1,146.3,179.9,8.387,15.205,28.54,112.05,25.5,60.58,46.95,187.25,6.376,163.7,67.68,25,47.12,64.76,29.33
2022-08-23,13194.23,87.95,103.2,18.77,102.88,173.6,56.74,142,74.52,47.96,53.49,37.515,25.3,232.2,41.805,169.05,8.95,66,101.65,43.07,156.3,429.9,25.875,146.15,177.2,8.337,15.285,28.69,110.25,25.53,60.72,46.87,187.9,6.312,164.9,67.68,24.75,46.53,66.08,29.98
2022-08-24,13220.06,88.24,104.86,18.73,103.24,172.72,55.83,141.38,74.14,48.7,53.47,37.39,25.28,233.6,41.605,171.25,8.71,65.94,104.2,43.58,158.84,447.8,25.73,146.75,179.25,8.359,15.375,28.74,111.85,25.09,60.2,45.6,187.2,6.336,162.6,67.54,24.84,47.53,66.54,29.85
2022-08-25,13271.96,87.86,105.28,18.878,103.8,173.28,56.31,141.88,74.47,49.71,54.55,37.835,25.7,237.1,42.025,171.75,8.674,66.3,104.3,43.72,158,450.1,25.465,149,178.9,8.364,15.415,28.17,111.75,25.16,59.72,45.36,187.85,6.324,164.6,67.86,24.4,47.88,66.9,29.93
2022-08-26,12971.47,85.29,102.9,18.676,101.86,170.58,55,140.94,73.12,48.45,53.7,36.87,24.965,235.3,40.94,169.55,8.512,65.18,103.55,40.99,151.54,434.4,25.345,146.1,173.7,8.171,15.35,26.56,107.45,24.8,56.38,44.2,182.5,6.22,166.85,66.7,23.27,47.16,67.18,29.38
2022-08-29,12892.99,84.57,102.22,18.772,100.28,169.42,56.18,142.6,73.51,48.26,51.07,36.42,24.235,234.4,42.24,169.45,8.58,65.24,103.4,40.09,148.28,417,25.46,145.35,171.7,8.242,15.155,26.39,105.65,24.55,57.5,45.67,180.6,6.38,162.75,66.16,23.36,45.98,69.64,30.24
2022-08-30,12961.14,84.6,103.74,18.848,100.6,170.14,56.76,145.9,73.81,48.43,51.86,36.93,24.885,235.3,42.185,168.4,8.614,66.46,101.25,38.96,151.54,416.9,25.87,145.45,171.6,8.392,15.255,26.95,105.5,24.56,58.38,45.77,179.7,6.494,160.5,65.98,23.8,45.76,72.72,30.22
2022-08-31,12834.96,84.94,101.08,18.788,97.87,168.58,56.12,142.14,73.47,48.73,52.6,36.395,24.3,238.2,42.07,168.45,8.51,64.24,100.6,38.08,148.28,415.9,25.525,146.9,171.4,8.323,14.675,27,104.35,24.66,57.48,45.1,175.95,6.63,158.4,65.42,23.11,45.25,70.48,30.12
2022-09-01,12630.23,83.15,99.62,18.698,94.86,166.22,55,139.62,72.81,48.46,51.18,35.63,23.76,240.2,41.305,165.85,8.516,63.32,99.6,38.38,145.16,407.1,25.215,147.45,168.5,8.13,13.995,26.29,102.2,24.42,56.5,44.73,170.1,6.556,149.2,64.12,22.05,45,69.38,29.58
2022-09-02,13050.27,85.32,104.88,18.984,99.04,172.36,57.58,148.96,75.11,49.03,52.63,36.6,24.8,247.9,42.995,170.25,8.842,62.92,101.2,38.97,148.28,418.5,25.87,152.85,173.35,8.573,14.15,26.78,104.6,24.89,58.28,46.74,174.05,6.99,151.9,66.86,23.06,45.67,72.8,31.01
2022-09-05,12760.78,84.51,102.06,18.902,96.82,168.74,53.64,143.5,72.44,49.08,51.81,35.61,24.185,244.9,41.27,167.55,8.93,62.3,100.35,39,145.2,418,24.705,150.9,171.55,8.181,14.155,26.21,102.6,24.82,54.86,44.81,171.1,6.728,156.6,67,22.43,45.56,69.44,29.82
2022-09-06,12871.44,85.51,103.52,18.828,97.12,169.14,55.24,148.82,72.82,49.23,51.51,35.79,24.325,247.7,42.05,167.35,8.874,62.5,101.35,38.32,144.36,421.5,24.985,151.9,173.05,8.358,14.14,26.53,104.05,25.11,56.26,45.76,171.95,7.038,156.4,67.02,23.05,46.12,69.3,30.08
2022-09-07,12915.97,85.3,104.46,18.89,95.98,166.36,56.09,148.72,74.07,49.02,51.06,35.695,24.52,251.5,42.94,168.95,8.968,62.22,101.75,41.07,141.98,420.4,24.93,152.8,172.8,8.195,13.67,26.54,104.65,24.98,57.18,46.21,170.55,6.876,152.85,66.44,22.74,45.91,68.9,30.78
2022-09-08,12904.32,85.47,103.12,18.824,96.26,167.56,55.05,146.12,72.95,49.48,51.91,35.365,24.715,256.5,42.495,169.75,8.894,61.4,100.5,41.22,142.36,428.4,24.61,155.95,172.75,8.65,13.84,25.72,103.7,24.48,55.76,46.49,170.3,7.25,154.2,66.54,22.27,46.39,67.7,30.84
2022-09-09,13088.21,86.59,105,19.55,96.07,168.62,56.37,146.98,73.51,49.86,52.87,36.31,25.43,255.8,43.485,170.15,9.088,62.38,102.3,41.5,145.36,433.3,25.15,158.1,174.4,8.932,14,26.11,105.05,25.44,57.36,46.8,170.65,7.538,154.35,67.88,22.97,46.42,66.84,31.73
2022-09-12,13402.27,87.8,107.58,19.382,99.76,176.4,59.28,152,75.78,50,54.09,37.515,25.93,265.3,44.92,172,9.16,63.08,104.95,41.61,149.22,438.1,26.475,162.65,176.7,9.216,14.41,26.72,106.5,26.3,59.22,48.67,174.95,7.788,157.55,70.26,24.13,46.33,69.3,32.33
2022-09-13,13188.95,86.68,104.56,19.248,97.49,174.48,58.26,148.72,74.86,48.08,53.86,36.84,24.63,267,44.21,171.6,9.128,63.34,104.2,42.81,142.9,426.2,25.81,163.3,173.05,9.024,13.685,25.39,103.5,26.06,57,46.69,166.3,7.636,152.45,69.38,22.12,45.5,67.44,31.48
2022-09-14,13028,85.98,102.72,19.05,95.38,172.12,57.75,150.34,74.65,47.26,53.73,36.065,24.52,260.8,42.77,172.35,8.926,62.78,103.8,41.46,142.3,429.8,25.44,160.05,171.85,9.02,13.485,24.6,101.4,25.28,56.3,45.79,163.85,7.788,147.6,68.52,21.66,45.07,67.7,30.29
2022-09-15,12956.66,84.99,102.02,19.086,94.94,173.52,57.55,149.3,74.68,46.46,53.12,35.77,24.45,261.9,42.255,172.2,8.708,62.44,103.8,40.77,136.6,419.4,25.65,161.55,173,9.232,13.025,24.32,99.74,25.5,55.84,46.08,161.65,7.984,144.7,66.78,21.92,44.97,67,29.72
2022-09-16,12741.26,83.67,100.14,18.87,91.7,174.16,57.02,145.46,74.39,44.74,52.29,33.415,24.125,259.6,41.385,170.3,8.598,62.5,102.4,40.73,135.14,387.2,24.75,160.5,166.35,9.069,12.3,24.42,98.82,25.26,56.24,45.37,155,7.952,144.4,64.42,21.67,43.47,66.86,29.13
2022-09-19,12803.24,83.38,101,18.986,93.5,174.1,57.52,147,75.7,44.51,52.42,33.57,24.35,257,42.395,171.65,8.54,62.3,101.8,40.93,136.7,376.2,25.325,160.2,168.95,9.095,12.165,23.94,99.28,24.62,56.14,45.48,158.75,8.052,149.7,66.24,21.33,43.27,69.22,30.12
2022-09-20,12670.83,83.27,99.37,18.738,91.83,171.86,57,146.9,75.07,43.96,52.08,33.11,24.265,252.7,41.6,169.8,8.244,61.54,102.65,40.43,135.74,369.6,24.985,156.45,165.9,8.982,12.15,23.26,100,23.9,55.48,43.4,154.7,8.098,150.4,65.82,21.39,43.25,71.9,29.82
2022-09-21,12767.15,84.47,100.9,18.688,93.44,171.84,57.33,147.94,75.25,43.53,52.15,32.485,24.9,255.7,41.7,170.5,8.396,61.66,103.15,41,136.48,378.6,25.18,159.55,166.9,8.819,12.34,23.3,102.4,23.37,54.82,43.48,157.7,8.01,164.45,65.46,21.36,43.51,72,30.01
2022-09-22,12531.63,82.48,99.06,18.578,92.33,172.22,56.1,147.36,74.17,41.43,51.5,31.405,23.78,253.6,41,168,8.376,61.56,99.2,40.69,133.46,354,24.61,156.65,162.15,9.033,11.995,22.3,99,22.55,53.32,41.89,157.05,8.184,161.5,64.14,20,42.41,72.34,29.82
2022-09-23,12284.19,81.06,98.63,18.316,91.98,168.74,53.91,140.16,71.38,41.31,49.575,30.17,22.965,250.2,39.79,165.7,8.2,61.08,99.32,40.15,130.96,358.9,24.095,154.65,159,8.632,11.45,22,101.25,21.85,48.51,40.66,153.35,7.866,155,62.44,19.55,42.48,70.22,29
2022-09-26,12227.92,82.87,98.25,17.834,91.49,165.74,54.77,138.22,72.16,41.8,48.37,30,22.995,245.3,39.81,165.9,8.072,60.6,101,38.8,130.1,359.7,24.345,151.4,158.55,8.491,11.69,21.45,100.9,22.04,47.69,41.18,156.4,7.754,161.95,61.78,19.71,42.26,69.96,29.26
2022-09-27,12139.68,82.4,97.92,17.812,89.73,163.74,54.52,136.74,71.76,41.38,48.255,30.355,23.22,241,39.495,166.45,7.824,60.22,101.45,38.25,127.3,354.1,23.82,150.1,158.75,8.128,11.81,21.07,100.05,21.6,47.84,41,154.55,7.556,159.5,60.34,20.11,42.69,68.58,29.17
2022-09-28,12183.28,83.15,99.46,17.884,89.12,160.72,54.44,137.9,71.58,41.88,48.19,30.785,23.08,239.7,39.415,166.85,7.922,60.7,101.2,38.82,130.24,358.2,23.5,148.55,162.55,7.854,11.83,21.83,100.1,21.66,47.95,40.75,154.7,7.276,160.35,61.76,20.69,42.81,67.9,29.21
2022-09-29,11975.55,81.87,98.26,17.638,88.1,159.62,52.43,128.46,69.13,42.01,47.72,30.465,22.295,245.5,38.85,167.9,7.922,60.36,100.2,38.09,124.02,347.6,22.695,153,163.6,7.594,11.32,21.03,97.56,21.22,44.77,39.6,153.2,7.172,162.1,61.04,19.415,42.2,60.48,28.85
2022-09-30,12114.36,84.12,101.2,17.492,88.9,161.8,52.35,126.4,69.99,44.28,47.415,31.115,22.71,247.5,39.6,168.25,7.896,61.02,100.95,37.79,118.88,357.1,23.35,154.2,166.8,7.646,11.385,22.21,100.45,21.95,45.95,40.85,154.25,7.342,158.2,62.38,20.23,42.98,58.16,29.54
2022-10-03,12209.48,84.81,100.92,17.856,89.23,161.54,52.99,126.44,70.73,44.9,47.955,31.605,23.09,246.6,40.94,169.45,8.116,61.12,98.42,38.51,119,376.4,24.045,153.8,168,7.63,11.56,22.73,99.8,21.82,47.19,41.5,154.2,7.296,161.5,63.4,20.4,43,57.34,30.51
2022-10-04,12670.48,88.51,106.32,18.406,94.72,167.2,55,131.34,72.85,46.45,48.645,32.765,24.715,256.5,42.3,171.5,8.246,62.38,100.85,39.68,126.2,405.3,24.785,158.65,173.75,8.07,12.195,22.74,102.6,22.55,49.04,43.29,161.15,7.646,154.3,65.8,22.09,43.93,60.3,32
2022-10-05,12517.18,87.24,104.24,17.952,93.37,166.12,53.01,129.62,71.47,45.55,48.65,32,25.485,258,41.915,173.7,8.062,62.02,101,40.11,122.8,391.4,24.43,159.5,173.1,7.934,11.51,21.68,102.85,21.74,46.31,42.06,159.9,7.352,153.3,64.78,20.93,43.87,59.6,31.53
2022-10-06,12470.78,88.1,105.14,17.646,93.11,164.94,53.84,132.38,71.97,45.49,47.705,32.035,25.585,251.3,41.27,170.75,7.828,61.42,101.35,39.07,121.86,400,24.395,156.25,170.35,7.867,11.345,21.41,101.85,21.66,47,41.58,158.05,7.35,151,63.88,21.6,44.78,61.14,31.32
2022-10-07,12273,86.73,102.66,17.602,92.31,164.3,52.61,130.28,71.7,44.79,47.42,30.855,24.65,251,40.695,167.5,7.75,60.88,101.05,39.09,115.56,380.7,24.28,154.55,167.65,7.822,10.79,20.61,100,20.91,47.95,40.74,157.6,7.38,154.55,62.02,20.63,43.73,60.12,30.74
2022-10-10,12272.94,86.32,103.88,17.71,93.01,164.86,52.05,124.46,72.03,44.72,47.535,32.32,24.025,245.8,43.19,166.45,7.816,61.5,99.94,37.55,114.24,371.4,24.57,153,164.85,7.964,10.925,19.95,99.7,20.43,48,42.37,158.45,7.394,147.5,62.94,20.66,41.85,57.7,33.27
2022-10-11,12220.25,86.04,103.1,17.704,93.82,164.62,52.85,123.3,72.38,44.96,48.415,32.32,23.3,240.7,41.465,166,7.606,62,100.7,36.84,115.08,361.4,24.89,152.3,165.25,7.778,10.635,20.32,96.58,20.57,47.88,41.34,160.35,7.162,147.7,57.44,21.62,44.35,56.64,32.1
2022-10-12,12172.26,85.3,102.44,17.728,93.22,164.34,52.77,123.08,73.17,42.82,49.195,32.5,23.44,240,42.135,162.85,7.414,61.4,100.6,36.88,111.88,362.3,25.12,153.8,163.65,7.788,10.335,19.2,97.24,20.05,46.46,40.23,157,7.246,148.1,55.7,21.28,44.27,57.2,32.6
2022-10-13,12355.58,86.05,105.24,17.566,97.2,166.46,53.62,124.16,74.24,42.9,49.795,32.76,24.11,242.5,42.965,162.7,7.622,61.4,99.42,38.2,113.12,366.9,25.4,152.85,164.35,8.36,10.81,18.965,94.24,20.22,48.5,41.03,164.1,7.59,150.65,56.34,22.16,44.78,57.14,33.63
2022-10-14,12437.81,87.91,104.16,17.836,96.59,167.42,53.86,124.28,75.02,43.58,49,33.26,23.795,245.9,43.32,162.45,7.87,62.14,100.25,38.63,114.12,372.8,25.215,154.7,168.75,8.611,10.87,20.2,95.8,20.04,48.53,41.03,164.25,7.656,145.55,56.02,22.31,44.84,56.98,33.56
2022-10-17,12649.03,88.75,107.02,18.094,99.18,170.26,55.25,127.78,76.53,44.28,50.22,33.64,24.43,246.6,44.08,163.15,8.026,62.98,100.1,38.85,118.18,376.1,25.97,155.25,170.25,8.63,11.19,21.26,97.7,20.52,50.08,41.93,168.9,7.774,152.05,57.5,23.31,45.39,58.54,33.89
2022-10-18,12765.61,90.16,108.32,18.072,100.28,170.28,57.14,130.4,77.62,45.23,49.735,34.39,24.745,247.5,44.93,164.75,8.078,63.56,100.45,38.71,118.28,387.3,25.965,154.95,171.55,8.853,11.355,21.09,98.18,20.69,50.14,43.53,172.4,7.932,152.95,58.38,23.46,45.52,58.62,34.62
2022-10-19,12741.41,89.16,107.98,18.23,100.9,172.38,57.47,129.86,77.66,44.84,49.75,34.345,24.77,251.6,45.05,163.3,8.052,63.28,99.7,37.96,115.68,315.7,26.035,156.05,163.85,8.887,11.31,20.68,98.64,21.63,49.77,43.86,173.55,7.89,150.35,58.82,23.06,43.65,57.78,35.25
2022-10-20,12767.41,89.83,107.9,18.19,101.34,172.88,57,129.88,77.53,46.68,49.8,34.595,25.335,249.6,45.45,157.2,8.02,63.66,100.1,37.68,114.8,327.4,25.42,154.55,162,8.929,11.065,21.31,99.94,21.94,50.96,44.13,174.3,7.97,158.95,59.4,23.44,43.49,58.48,36.01
2022-10-21,12730.9,91.4,106.84,18.056,100.98,173.46,56.93,129.64,77.43,45.97,50,34.145,25.105,258.8,46.08,160.75,7.912,62.34,99.68,36.9,103.86,328.7,25.39,158.8,159.8,8.896,11.025,20.86,98.4,21.71,50.7,43.8,174.3,8.054,156.75,58.74,22.7,42.83,57.52,35.94
2022-10-24,12931.45,91.34,109.84,18.306,102.58,176.68,58.44,130.22,77.91,46.5,51,34.675,25.63,262.9,46.595,161.8,8.17,62.58,100.45,38.38,103.82,337.5,25.705,160.7,164,9.117,11.23,21.33,99.9,21.78,51.88,44.62,175.7,8.2,159.45,60.18,22.62,42.94,57.24,35.7
2022-10-25,13052.96,97.25,111.24,18.522,104.1,177.36,58.3,131.18,78.22,46.41,50.87,35.59,26.275,261.8,45.945,162.7,8.308,63.22,101.85,39.15,100.5,352.7,26.32,160.55,167.5,9.266,11.245,22.28,103.25,22.15,51.74,44.62,174.25,8.25,165.25,60.88,24.12,43.62,57.48,34.37
2022-10-26,13195.81,98.18,112.36,18.642,105.62,177.9,58.94,131.04,79.07,47.05,51.78,36.19,26.145,266.5,45.5,165.55,8.28,62.5,100.35,38.77,102,359.9,26.365,164.85,171.65,9.377,11.665,22.05,106.25,23.03,51.84,45.72,177.15,8.258,169.25,61.6,25.71,44.31,57.92,35.09
2022-10-27,13211.23,97.96,112.2,18.668,106.14,180.02,58.81,130.7,79.57,46.42,52.08,36.335,25.23,269.3,46.01,164.05,8.37,62.8,96.84,38.9,99.34,355.3,27.07,165.25,169.05,9.856,11.71,23.13,104.2,22.89,52.68,46.29,177.05,8.302,169.6,61.34,25.19,43.63,57.54,35.18
2022-10-28,13243.33,97.74,111.44,19.3,110,181.4,58.2,128.24,79.56,46.47,52.7,35.615,25.195,270,45.3,165.8,8.27,63.46,96.5,38.77,99.35,354.1,26.85,165.55,168.05,9.826,11.715,22,104.35,22.16,51.88,46.44,183.95,8.28,169.05,61.14,24.18,43.73,57.02,34.58
2022-10-31,13253.74,97.67,110.64,19.164,109.56,182.2,58.6,129.34,79.52,46.58,53.22,35.91,24.64,267.4,45.435,164.65,8.476,63.78,97.18,38.99,98.98,357.1,27,164.8,165,9.66,11.815,22.4,103.35,23.3,52.48,46.65,181.25,8.096,164.5,61.44,23.33,43.7,56.6,34.44
2022-11-01,13338.74,96.91,112.3,19.35,112.46,184.32,59.14,132.2,80.28,47.32,53.86,35.79,25.075,270.5,45.495,162.05,8.542,63.36,95.4,39.29,98.97,344,27.675,165.2,163.4,9.728,12.105,22.97,102.3,23.26,53.24,47.48,182.15,8.25,165.5,62.3,24.3,44.55,57.46,33.93
2022-11-02,13256.74,96.85,110.32,19.5,111.76,184.86,58.04,131.02,80.24,46.24,53.41,35.2,24.75,270.7,45.055,162.15,8.5,63.04,94,38.96,96.88,340.7,27.47,165.6,165.85,9.793,12.07,21.68,102.35,23.29,51.4,46.36,179.9,8.156,165,62.02,22.88,43.97,56.94,33.61
2022-11-03,13130.19,95.51,108.1,19.404,111.36,185.38,57.07,127.92,76.5,44.79,53.07,34.425,24.615,271.9,44.535,159.85,8.524,61.82,94.1,39.11,93.95,332.9,27,165.85,163.15,9.669,11.99,21.19,98,22.5,49.5,46.46,180.5,8.08,162.8,61.34,24.74,43.59,56.06,32.85
2022-11-04,13459.85,96.24,113.04,19.608,114.02,188.14,59.74,133.08,79.8,45.71,53.88,35.52,25.765,272.2,46.815,158.65,8.7,62.48,96.48,39.05,114.04,337.3,27.565,164.25,164.4,9.726,12.27,22.72,100.9,23.2,54.2,48.26,183.6,8.222,154.2,62.74,25.08,42.87,57.2,35.33
2022-11-07,13533.52,96.87,114.56,19.646,113.94,187.34,59.83,136.36,81.03,45.97,54.28,35.82,26.325,271.7,47.605,161.6,8.59,63.32,96.08,38.58,114.96,344.3,27.635,164.9,164.05,9.766,12.44,22.36,98.34,23.36,55.16,48.63,181.45,8.328,157.8,63.78,25.43,42.02,58.32,36.46
2022-11-08,13688.75,98.39,116.54,19.672,113.32,188.36,60.68,136.34,80.49,46.99,51.7,36.255,28.185,279.1,48.3,161.25,8.722,63.86,97.26,38.78,120,365.9,28.1,168.8,169.35,9.871,12.97,22.77,101.85,23.42,56.32,49.08,180.25,8.248,157.25,64.5,26.56,44.24,57.34,36.73
2022-11-09,13666.32,98.16,115.76,19.71,113.28,188.92,59.92,135.26,80.25,48.83,50.26,35.775,27.73,282.3,47.545,162.7,8.692,64.74,98.24,39.44,124.44,370.9,28,170.4,171.2,9.693,12.945,23.29,103.45,23.35,55.54,48.97,180.6,7.654,160.05,65.68,25.89,44.22,57.18,35.36
2022-11-10,14146.09,105.02,120.7,19.408,113.12,200.05,63.34,139,82.85,51.7,51.41,38.23,29.685,288.5,48.905,163.3,8.84,66.08,100.55,40.6,128,400.4,28.705,172.6,177.95,9.964,14,24.57,109.6,24.04,59.76,50.72,179.9,7.708,167.1,67.2,29.45,45.59,58.66,35.63
2022-11-11,14224.86,105.98,122.6,18.86,113.04,200.65,64.79,142.68,84.24,50.88,50.19,39.45,29.23,285.6,50.68,162.15,8.738,66.7,97.76,39.78,135.64,419.3,28.545,173.7,175.35,10.218,14.335,25.22,110.65,23.62,61.62,52.04,177.3,7.636,165.1,68.44,33.1,46.27,59.76,37.4
2022-11-14,14313.3,105.72,122.86,18.878,112.84,202,64.94,143.44,85.03,51.7,51.32,39.345,31.5,289,51.28,161.95,8.916,67.28,98.6,38.92,131.86,415.2,28.4,173.75,183.1,10.178,14.32,25.02,110.6,24.16,61.76,52.38,177,7.824,176.2,67.36,34.41,46.15,59.48,37.4
2022-11-15,14378.51,106.9,123.12,18.962,114.44,200.15,65.19,143.4,85.18,51.78,53.42,39.055,32.38,289.4,50.3,164.95,8.964,67.2,98.68,39.53,132.12,400.1,28.72,174.75,182.5,10.316,14.485,24.88,110.15,24.19,60.56,52.68,179.6,8.044,180.1,67.16,33.8,46.63,60.42,36.72
2022-11-16,14234.03,106.84,121.12,19.018,114.4,202.25,61.15,137.4,82.53,51.5,52.62,38.42,32.055,289.8,49.57,169.75,8.892,66.64,101.15,39.89,129.72,380.7,29,176.2,181.1,10.134,14.52,24.31,108.4,24,57.66,50.98,179.55,8.022,180.4,65.56,31.97,45.72,57.06,35.59
2022-11-17,14266.38,107.68,129.58,18.908,113.14,201.65,60.22,138.6,82.27,51.3,52.53,38.365,31.875,290.1,48.955,169.35,8.882,66.68,102.1,40.62,129.04,376,29.39,177.1,176.4,10.1,14.39,23.96,110.65,23.75,55.74,50.34,187.35,8.022,175.7,65.18,31.01,46.11,57.94,35.43
2022-11-18,14431.86,105.16,132.5,19.332,114.66,203.95,62.22,141.86,84.15,52.14,53.79,38.685,32.095,293.3,49.625,170.4,9.116,66.98,102.35,41.21,129.2,377.3,30.115,177.75,176.2,10.212,14.675,24.34,111.7,24.41,56.76,51.7,193.3,8.068,180.55,65.7,30,46.23,58.92,36.29
2022-11-21,14379.93,106.24,129.1,19.53,114.22,203.5,61.91,139.64,83.6,52.26,54.4,38.075,31.505,294,48.67,171.35,9.08,67.4,103.45,40.99,124.3,373.4,30.085,178.75,174.95,10.218,14.725,23.75,109.45,24.35,56.52,51.52,194.45,8.124,186.25,65.6,29.32,47.27,58.2,35.02
2022-11-22,14422.35,105.62,130.68,19.602,114.1,204.75,62.16,139.76,84.1,52.02,54.61,38.1,31.67,295.3,49.52,172.1,9,67.9,103.35,41.3,123,367.6,30.415,178.6,172.35,10.168,15.085,23.36,108.3,24.68,56.64,51.66,197.5,8.068,199.35,66.96,28.66,46.84,58.42,36.61
2022-11-23,14427.59,105.6,130.68,19.56,113.76,204.35,62.08,137.14,83.77,50.84,54.49,38.005,31.685,297.8,49.27,174.15,8.952,67.52,103.9,41.05,124.3,367.6,30.485,179.2,171,10.226,15.49,23.16,109.9,25.22,56.26,52.02,197.3,7.95,193.75,67.26,29.09,47.16,58.18,36.82
2022-11-24,14539.56,105.46,130.96,19.702,113.26,204.95,62.5,137,84.01,51.9,55.51,38.34,31.85,295.8,49.885,173.4,9.084,68.4,105.3,41.61,126.66,374.4,30.985,179.9,175.85,10.37,16.13,24.49,111.5,25.37,57.24,52.58,197.25,8.16,195.65,68.44,29.99,47.29,58.6,38.12
2022-11-25,14541.38,106.02,132.06,19.766,113.86,205.35,62.37,136.56,83.96,51.56,55.45,38.28,31.6,298.5,49.605,173.1,9.126,68.42,104.8,42.41,123.98,371.9,30.88,180.15,175.9,10.39,16.135,24.3,110.9,25.7,57.22,53.02,199.6,8.03,196.85,68.42,29.11,47.42,58.66,37.42
2022-11-28,14383.36,104.9,131.54,19.694,107.4,203.8,61.51,135.24,83.44,50.92,55.75,38.09,30.64,295.3,48.91,173.9,9.086,68.84,104.6,42.36,121.26,367.4,30.775,178.9,175.85,10.206,15.7,23.97,110.1,25.84,56.94,52.5,197.5,7.892,192.25,61.82,28.86,47.56,58.02,37.03
2022-11-29,14355.45,103.08,133.08,19.464,109.12,205.6,62.54,137.84,84.75,50.44,55.96,37.84,30.6,301.5,49.06,172.5,9.086,68.38,102.95,41.74,120.94,353.4,30.96,181.2,172.1,10.21,15.67,23.8,107.65,26.27,57.88,52.48,197.4,8.012,193.45,60.58,29.25,47.18,58,38.23
2022-11-30,14397.04,104.46,131.22,19.406,109.28,204.35,64.4,139.9,86.31,50.66,55.38,37.83,31.52,301.2,48.515,175.9,9.124,68.44,103.95,42,122.26,356.4,31.37,181.6,173.8,10.122,15.81,23.49,108.95,26.56,57.28,52.12,200.4,8.006,194.4,59.98,29.74,47.32,58.34,38.17
2022-12-01,14490.3,106.32,133.66,19.67,110.14,203.75,64.16,139.38,85.14,50.68,55.03,38.165,32.325,304.4,47.86,178.3,9.09,68.84,105.65,42.65,124.92,371.1,31.345,183.65,176.55,9.905,15.98,23.32,110.3,26.51,57.02,51.74,200,7.722,191.3,60.58,31,47.65,57.54,37.17
2022-12-02,14529.39,106.46,134.7,19.648,110.96,202.65,64.09,139.02,85.26,51.58,54.84,38.87,32.1,301.7,48.73,178.6,9.194,69.34,105.75,42.06,124.26,371.3,31.15,182.85,177.35,10.024,16.23,24.01,108.7,27.05,57.26,51.9,202.5,7.748,196,60.56,31.59,47.79,58.42,37.72
2022-12-05,14447.61,105.24,135.44,19.522,110.28,203,64.26,140.84,85.86,50.9,53.09,38.5,32.06,303.5,47.97,174.6,9.256,68.5,104.85,41.64,122.06,368,31.205,183.05,176.7,10.15,16.69,23.7,106.55,26.62,56.98,51.18,203,7.818,192.4,60.44,30.88,46.75,58.96,36.97
2022-12-06,14343.19,103.24,133.76,19.4,110.74,203.4,63.78,139.8,85.19,49.25,52.89,38.54,31.305,306.5,47.925,173.4,9.188,67.76,105.45,42.28,119.06,356.3,30.78,185.35,173.6,10.072,16.575,23.38,105.4,26.2,55.8,51.48,202.1,7.874,194.6,60.48,31.11,46.06,58.36,36.93
2022-12-07,14261.19,102.44,132.9,19.368,108.32,203.65,63.12,137.6,84.56,49.32,52.8,38.2,30.865,304.8,47.425,172.75,9.188,67.4,105.4,42.23,117.56,355.5,30.565,184.8,173.25,9.966,16.39,23.26,105.55,26.44,54.94,50.94,201.5,7.77,192.5,60.54,31.39,46.43,57,36.32
2022-12-08,14264.56,102.38,132,19.3,110.18,203.65,63.12,136.6,82.96,49.44,52.73,37.855,31.475,306.6,47.1,171.9,9.136,67.5,106.8,41.86,117.54,353.3,30.51,185.7,175.15,10.022,16.51,23.45,104.55,26.87,55.8,50.98,204.7,7.742,197.1,60.08,31.26,46.91,56.52,36.04
2022-12-09,14370.72,102.34,133.44,19.324,111.78,204.7,64.79,137.24,84.54,49.98,52.88,38.255,31.285,308.4,47.72,172.15,9.182,67.62,105.95,42.32,118.9,350.8,30.91,187.45,180,10.14,16.935,23.37,105.1,26.67,57.14,52.1,205,7.914,196.55,59.94,31.25,46.99,56.64,36.67
2022-12-12,14306.63,102.46,134.3,19.134,112.18,202.9,64.05,136.12,84.43,50.34,52.32,37.975,31.15,307.2,46.7,168.45,9.14,66.2,107.45,42.13,117.5,360.1,30.69,186.35,181.95,10.01,16.98,22.87,106.2,26.02,56.46,51.42,203.6,7.804,198.9,59.36,32.84,47.52,55.88,36.51
2022-12-13,14497.89,104.02,134.86,19.204,113.58,205.45,64.61,137.78,84.01,50.98,52.45,38.975,32.57,307.9,47.535,168.45,9.16,66,106.6,42.29,124,370,31.02,186.35,186.6,10.248,17.755,24.03,107.65,26.52,57.68,51.88,204,7.806,196.8,59.1,34.92,47.33,55.46,37.47
2022-12-14,14460.2,103.78,133.02,19.166,113,204,64.56,137.76,83.85,51.38,52.05,38.905,31.8,307.3,47.23,168.9,9.296,66.1,108.5,42.73,123.98,371.8,30.75,187.05,190,10.086,17.55,24.36,107.1,26.66,58.3,52.5,203.7,7.754,197.65,58.7,34.48,47.11,55.16,37
2022-12-15,13986.23,99.34,127.52,18.898,110.7,198.86,62.1,133.56,82.8,48.5,50.48,36.085,30.345,299.3,45.815,166.55,9.066,65.38,106.15,42.1,118.56,356.7,30.15,183.5,182.15,9.713,16.865,23.43,105.05,25.79,57.4,51.6,199.5,7.7,199.5,56.58,31.82,46.51,52.8,35.8
2022-12-16,13893.07,99.45,127.08,18.85,110.02,197.86,62.03,136.54,82.62,48.1,48.56,36.01,29.66,296.6,45.79,165.85,8.928,65.66,106.65,41.49,121.1,341.6,29.955,181.9,181.2,9.905,16.575,21.5,104.4,25.58,56.48,51.72,202.6,8.144,201.4,56.32,31.85,46.13,51.96,35.66
2022-12-19,13942.87,98.89,128.02,18.946,110.96,199.32,62.63,121.98,83.62,47.34,48.805,34.815,29.415,299.4,45.52,164.6,9.086,66.2,106.45,41.57,121.18,339.5,30.15,182.7,179.35,9.938,16.91,21.48,104.65,25.79,55.68,52.34,203.9,8.224,185.75,57,31.64,46.35,51.78,36.11
2022-12-20,13884.66,97.79,127.78,18.884,111.04,200,62,119.22,83.35,45.27,49.37,34.6,29.35,301.8,45.8,162.1,9.07,66.34,105.65,41.5,118.3,339.2,29.91,182.8,177,10.508,16.835,20.88,103.55,25.62,55.34,52.2,204.1,8.978,180.6,57.5,31.15,46.12,50.92,36.04
2022-12-21,14097.82,99.3,129.9,19.098,113.34,203.7,62.86,119.78,84.15,46,49.01,35.47,29.79,305.8,46.5,165.05,9.2,66.54,107.65,41.85,126.3,345.8,30.295,185.65,179.95,10.644,17.425,21.78,104.05,26.07,56.82,53.12,207.9,8.896,186.8,58.96,32.99,46.62,51.6,36.52
2022-12-22,13914.07,97.6,128.56,18.958,111.82,202.55,61,114.88,83.3,45.65,48.55,34.77,28.89,302.7,45.685,163.55,9.13,65.88,106.45,41.91,125.16,345.3,29.59,185.8,178.55,10.636,17.375,21.69,102.15,25.88,55.14,52.76,203.2,8.858,191.2,58.76,31.99,46.54,50.34,36.53
2022-12-23,13940.93,97.38,128.54,18.868,111.68,202.2,61.35,115.66,83.5,45.64,48.62,35.055,28.69,303.5,46.235,163.45,9.116,65.96,106.4,41.51,125.86,348,29.515,185.7,179.6,10.706,17.355,21.83,102.5,26.16,56.16,53.76,203.7,8.952,186.75,59.1,32.66,46.35,50.46,36.33
2022-12-27,13995.1,97.24,129.52,18.94,112.74,203.05,61.88,115.86,83.65,45.89,48.485,35.165,28.49,305.3,46.675,162.8,9.168,65.92,107.3,41.39,126.34,350.3,29.575,187.6,180.35,10.71,17.725,21.86,103.1,26.04,56.62,54.14,206.1,8.95,190.2,59.26,32.92,46.4,50.62,36.78
2022-12-28,13925.6,96.67,128.42,18.928,111.5,202.15,61.33,114.96,83.26,46.01,48.665,35.14,28.065,303.8,46.545,162.25,9.178,65.26,106.55,41.29,125.78,357.2,29.37,186.35,181.2,10.63,17.465,22.01,102.75,25.91,56.2,53.74,205,8.88,193.25,59.64,32.89,46.8,50.2,36.94
2022-12-29,14071.72,97.59,130.44,19.084,112.06,203.7,62,116.14,83.83,47.19,49.235,35.5,28.69,305.9,46.76,163.85,9.392,65.46,107.45,41.73,128.38,371.7,29.395,186.9,183.05,10.704,17.74,22.42,103.2,26.28,57.12,54.02,204.4,8.816,193.5,60.08,34.24,47.22,51.3,36.88
2022-12-30,13923.59,96.39,129.64,18.638,111.38,200.9,61.4,116.42,83.38,46.73,48.325,35.18,28.43,304,46.39,161.4,9.334,65.02,107.2,41.59,127.46,369.4,28.945,185.5,180.9,10.588,17.575,22.02,101.65,26.25,55.98,53.28,202.2,8.836,186.05,59.72,33.11,47.01,51.24,36.55
2023-01-02,14069.26,97.42,129.82,18.934,113.86,203.05,63.78,120.04,85.8,46.05,49.495,36.005,28.7,303.8,47.985,161.8,9.468,65.24,107.15,41.59,127.7,344.2,29.38,183.65,180,10.942,17.19,22.9,101.95,26.44,59.1,55.1,206.5,8.904,196.95,60.7,35.03,45.64,52.66,38.26
2023-01-03,14181.67,98.51,130.94,19.04,114.56,205.2,64.05,122.06,85.83,47.04,49.225,36.265,29.045,307.7,48.89,161.1,9.656,65.92,107.5,39.62,131.88,348,29.57,186.45,183.35,11.112,17.655,23.31,102.55,27.08,59.66,56.22,209.4,9.264,200.5,63.62,36.06,46.99,53,39.58
2023-01-04,14490.78,100.7,135.28,19.224,115.58,211.5,65.86,125.88,87.88,47.71,49.525,36.68,29.92,321.9,50.96,159.35,9.992,66.3,108.8,38.67,138.38,361,29.865,192.7,190.1,11.698,18.03,24.57,105.05,27.91,61.58,57.56,211.1,9.472,199,63.98,37.65,47.31,53.86,41.47
2023-01-05,14436.31,100.84,134.84,19.534,115.06,209.55,66.41,127.12,88.95,47.41,49.765,36.955,29.74,319.3,51.62,157.4,9.796,66.8,107.8,38.89,138.54,369.4,29.71,190,185.15,11.494,17.705,24.14,103.85,28.19,62.08,57.62,213.3,9.344,202.1,64.48,38.4,47.22,54.52,41.71
2023-01-06,14610.02,102.34,136.14,19.78,116.56,211.8,66.46,128.16,89.53,47.08,50.55,36.98,30.455,324.5,52.81,157.15,9.878,65.24,108.3,39.14,140.68,362.9,30.24,189.95,187.15,11.596,18.33,24.47,104.65,28.63,63.52,58.38,216.8,9.508,209.4,65.34,39.32,46.9,54.9,42.37
2023-01-09,14792.83,104.56,138.34,19.856,117.52,213.65,67.32,128.02,89.98,47.97,51.86,37.845,31.175,324.3,52.84,159.95,9.79,65.5,109.2,39.07,141.66,384.1,30.545,189.1,193.05,11.714,18.18,25.36,106.15,28.3,64.34,59.48,217.2,9.518,213,65.92,40.2,46.61,55.94,42.85
2023-01-10,14774.6,104.68,138.14,19.97,115.08,216.3,67.75,127.28,90.52,47.5,53.96,37.605,30.82,321.8,51.7,162.8,9.882,64.86,109.45,39.45,140.1,389.7,30.1,185.8,192.5,11.656,17.665,25.21,105.75,27.51,63.96,57.82,216.8,9.43,211.6,65.58,38.99,47.04,56.8,41.8
2023-01-11,14947.91,106.64,140.16,20.11,113.84,215.4,68.14,127.78,91.78,49.37,55.91,37.555,30.925,320.4,52.17,162.85,9.91,65.04,108.7,40.4,144.54,406.2,30.295,182.2,201.1,11.698,18.61,26.86,105.9,28,65.4,58.46,218,9.336,208.2,67.74,40.57,46.91,56.72,41.23
2023-01-12,15058.3,106.74,142.06,20.31,116.26,217.7,68.9,128.72,93.22,49.04,56.38,37.98,31.385,323.5,53.09,162.25,10.06,64.6,108.15,41.91,146.44,404.5,30.54,182,196.3,11.756,18.715,27.1,102.8,28.4,66.7,58.8,221.3,9.4,213,67,41.9,46.87,56.26,40.49
2023-01-13,15086.52,107.64,142.44,20.355,116.88,217.75,67.04,125.1,91.74,49.82,57.41,38.23,31.795,323.7,52.76,162.95,9.924,64.98,109.35,42.31,146.52,415.4,29.405,184.65,197.6,11.69,18.79,27.05,103.9,28.21,67.4,58.9,223.7,9.478,210.1,66.42,42.59,46.66,55.06,40.37
2023-01-16,15134.04,107.42,142.32,20.57,115.3,219,67.16,125.72,91.84,50.22,57.44,39.165,31.765,323.2,53,164.2,9.948,65.52,110.6,41.68,149.62,414.9,29.53,181.4,199.95,11.802,19.335,28.04,104.8,28.55,67.74,59.82,222.6,9.476,215.9,67.24,44.38,47.09,55.28,41.09
2023-01-17,15187.07,107.3,145,20.585,116.32,219,67.23,125.24,91.98,49.82,57.01,40.065,32.265,324.4,52.84,163.75,9.854,66.84,110.9,41.37,150.62,408.2,29.47,183.35,197,11.938,19.43,27.72,105.8,28.55,68.24,59.62,227.5,9.628,221.3,68.2,42.74,46.66,55.64,41.06
2023-01-18,15181.8,109,144.96,20.295,118.5,219.1,67.3,125.2,91.43,49.28,56.28,40.725,32.455,328.6,53.13,165.4,9.822,66.82,110.5,40.89,149.48,406.9,29.605,186.85,192.6,11.996,19.17,27.08,106.85,28.39,66.2,59.48,229.9,9.906,220.9,67.72,42.81,46.23,55.44,42.05
2023-01-19,14920.36,106.5,140.6,20.185,116.9,217.1,65.52,123.14,90.02,48.34,55.72,39.33,31.35,326.6,52.18,165.95,9.866,66.14,111.15,40.93,144.14,396.8,29.1,187.8,189,11.754,18.74,26.15,104.6,28,62.6,58.5,225,9.524,223.2,66.36,40.95,46.09,54.26,40.71
2023-01-20,15033.56,106.98,141.88,20.17,118.9,220.4,65.79,124.26,89.97,48.14,56.39,39.805,31.13,331.7,52.46,164.15,9.9,65.82,111.25,41.67,146.44,401.4,29.25,188.7,187.4,11.982,18.88,25.99,105,28.33,61.92,58.6,228.6,9.6,224,67.22,42.99,46.38,54.84,41.74
2023-01-23,15102.95,107.26,143.92,20.28,119.2,220.1,67.27,125.16,91.53,49,55.96,39.91,31.955,325.7,52.57,162.05,9.96,65.66,111.7,41.68,148.76,420.8,29.71,185.05,192.7,11.916,19.135,26.75,99.04,28.15,63.28,58.54,230.2,9.65,222.4,67.64,42.95,46.52,54.86,42.19
2023-01-24,15093.11,106.62,143.3,20.125,120.8,220.7,67.75,123.8,91.79,49.31,55.52,39.965,31.695,331.7,53.04,162.25,10.105,64.98,111.2,42.15,148.72,403,30.495,188,189.6,11.976,18.94,26.67,98.36,27.71,63.26,58.2,227.3,9.678,223.1,68.06,41.99,46.21,54.66,42.64
2023-01-25,15081.64,105.94,142.82,20.32,120.14,221.7,67.6,124.1,91.79,48.63,55.48,39.54,32.125,334.1,52.87,162.5,10.135,65.4,110.7,42.75,145.5,407.5,31.37,189.15,190.45,11.914,18.78,26.5,98.12,27.04,63.56,59,225,9.652,220.9,68.6,41.65,46.1,53.86,42.15
2023-01-26,15132.85,105,144.06,20.295,120.72,221.6,68.3,125,92.35,48.7,56.04,39.585,33.65,332.1,52.62,161.9,10.135,64.7,109.95,41.86,145.28,433.9,31.185,189.3,192.5,12.132,18.84,26.1,98.14,26.37,64.6,60.1,229.4,9.956,227.5,69.52,42.98,45.71,54.16,41.82
2023-01-27,15150.03,104.8,144.5,20.31,116.66,221.65,68.87,126.08,92.94,48.84,56.28,40,34.225,332,52.79,163.55,10.075,64.52,109.55,41.16,148.3,418.8,31.365,187.75,190.4,12.34,18.895,26.28,97.5,26.75,66.24,61.72,227.3,10.1,228.2,70,43.4,45.53,54.64,42.31
2023-01-30,15126.08,107.1,143.26,20.355,115.42,221.35,67.72,126.26,91.48,49.51,56.9,39.315,33.17,331.4,52.78,162.8,10.005,65.1,112,40.94,147.32,415.8,31.11,187.9,193.55,12.278,19.005,25.79,98.04,26.82,64.46,62.7,227.7,10.21,227.2,69.02,42.5,45.1,54.68,42
2023-01-31,15128.27,108.38,142.9,20.45,114.82,219.2,68.15,126.94,93.23,49.07,57,39.38,32.915,331,52.4,164.25,9.986,65.4,111.6,40.8,147.38,410.3,30.77,186.2,191.05,12.208,19.12,25.87,97.48,26.53,64.32,62.8,228.8,10.465,214,68.36,42.59,44.65,54.76,42.12
2023-02-01,15180.74,109.24,143,20.465,115.98,221,69.6,128.42,95.27,49.22,56.5,40.345,33.4,326.7,52.74,166.35,10.025,65.28,111.9,40.67,147.58,417.5,31.285,176.85,182.5,12.25,18.81,25.96,97.12,26.61,64.56,63.28,229.8,10.535,219.4,68.72,42.6,44.83,55.5,42.56
2023-02-02,15509.19,112.58,143.72,20.56,117.82,221.7,72.2,133.3,97.79,53.62,56.8,42.76,36.06,324.9,53.84,169.45,10.1,65.06,111.75,40.88,157.92,450.6,32.02,178.45,184.05,11.456,19.54,28.19,100.15,27.23,68.9,64.42,233.1,10.07,226,71.22,44.89,45.28,57.66,43.7
2023-02-03,15476.43,112.28,145.02,20.155,117.08,220.75,72,131.94,97.58,54.04,56.68,42.79,36.645,323.1,54.04,167,10.04,65.62,112.45,40.48,161.06,459.7,31.81,179.9,185.9,11.53,19.095,27.4,100.25,27.11,69.9,63.8,230.5,10.11,227.5,70.94,45.57,45.8,57.48,44.07
2023-02-06,15345.91,111.84,142.96,20.135,115.64,219.3,71.85,130.34,97.06,52.72,58.19,41.945,35.995,324.2,52.95,167.4,9.904,64.84,112.05,40.78,155.36,465.9,31.49,179,184.3,11.356,18.625,26.77,100.35,27.12,68.98,62.96,227.7,10.115,226.5,70.3,43.02,45.62,56.68,42.83
2023-02-07,15320.88,110.88,140.86,20.09,112.36,219.4,71.95,131.26,97.4,53.4,58.95,41.57,36,327,52.95,166.45,9.762,64.88,110.3,40.47,153.08,457.6,31.355,181.25,182.65,11.53,18.2,26.28,99.04,27.4,70.84,62.94,224.8,10.135,225.7,70,42.92,46.17,56.78,42.72
2023-02-08,15412.05,110.66,140.06,20.155,113.3,220.75,71.79,129.3,97.57,54.04,62.49,41.41,35.515,328,52.86,166.3,9.93,65.38,109.8,40.61,154,445.5,31.31,181.75,185,11.668,18.46,26.32,99.48,27.82,70.66,61.88,225.4,10.28,225.6,70,42.13,46.62,55.94,42.52
2023-02-09,15523.42,111.36,149.42,20.16,113.7,222,72.99,130.26,99.46,53.02,60.43,41.705,36.35,327.7,52.85,169.35,9.958,65.64,110.3,40.07,156.26,439.7,31.915,178.7,184.55,11.7,18.95,26.74,97.04,28.93,71,63.4,226.5,10.355,225.8,71.32,42.69,45.86,56.6,42.75
2023-02-10,15307.98,109.62,145.74,20.145,113.7,219.9,71.96,128.6,97.77,51.78,58.8,40.95,35.395,323.4,51.29,169.45,9.968,65.54,110.1,39.82,139.26,438.7,31.21,177.95,184.75,11.338,18.915,26.07,94.76,28.12,68.68,62.76,223.8,10.19,231.7,69.62,39.67,45.67,55.12,41.7
2023-02-13,15397.34,110.12,146.16,20.335,115.64,219.8,71.47,128.38,97.61,51.34,59.55,40.86,35.79,327.3,51.67,170.25,9.996,66.48,112.2,39.82,139.98,446.9,31.175,180.3,186.6,11.37,19.105,26.1,96,28.21,68.1,62.8,227.2,10.125,234.6,69.84,40.11,45.59,54.94,41.25
2023-02-14,15380.56,109.9,145.02,20.51,115.96,220.15,71.48,130.2,97.74,51.18,60.46,41.02,35.84,324.9,51.06,171.2,10.035,66.98,112.95,39.44,138.82,439.7,31.045,179.3,188,11.552,19,25.91,95.42,28.3,68.36,62.86,218,10.075,236.7,70.68,39.63,45.24,55.26,41.64
2023-02-15,15506.34,110.8,148.5,20.585,119.04,219.85,72.36,130.98,99.18,51.32,60.14,41.255,36.22,326.8,51.7,173.7,10.035,67.14,112.95,39.17,140.76,440.9,31.345,180,186.6,11.41,19.17,25.76,95.9,28.43,69.24,64.06,227,10.305,240.7,73.3,40.13,45.5,55.32,42.25
2023-02-16,15533.64,111,147.38,20.52,124.88,221.05,72.58,130.98,99.24,50.24,59.45,41.15,36.09,329.1,52.4,171.15,9.99,66.7,113.55,39.11,144.92,434.1,30.985,181.25,184.1,11.86,19.465,25.28,97.08,28.54,70.62,63.78,230,11.5,248.1,73.8,39.21,44.73,56,42.55
2023-02-17,15482,109.48,145.44,20.76,125.74,216.95,74.64,131.22,99.75,50.32,59.12,40.6,35.235,329.9,52.24,171.45,10.165,67.24,113.2,39.52,143.52,427.1,31.425,181.95,183.45,11.88,19.2,25.46,96.06,28.99,69.62,64.42,234,11.38,249.6,72.92,39.78,44.73,55.6,42.04
2023-02-20,15477.55,109.28,144.66,20.805,122.92,218.35,74.87,132.7,99.67,50.64,58.94,40.9,34.92,330.5,53.11,171.65,10.215,67.52,113,39.55,140.78,429.2,31.29,181.95,184.45,11.632,18.915,25.46,97.08,29.08,69.68,64.4,229.5,10.98,249,73.18,39.85,44.52,55.56,42.52
2023-02-21,15397.62,107.76,143.74,20.91,122.82,217.4,74.59,131.08,98.7,50.28,59.25,40.225,34.52,326.2,52.49,169.3,10.24,68.12,113.75,40.39,137.42,420,30.89,181.7,183.35,11.596,18.415,24.95,96.46,28.85,68.78,64.14,230.4,11.23,257.2,73,39.11,44.34,54.86,41.74
2023-02-22,15399.89,108.72,144.34,21.105,122.74,217,73.98,131.2,98.43,49.99,59.06,40.455,34.26,324.3,52.36,164.6,10.245,69.02,115.05,40.3,139.8,420.5,30.725,182.3,183.6,11.42,18.27,24.65,97.98,27.59,68.34,64.44,229.5,10.645,246.7,72.08,38.5,43.92,54.66,41.18
2023-02-23,15475.69,108.8,145.98,21.2,124.4,217.75,74.11,131.9,99.65,49.51,59.91,40.815,34.815,318.6,52.17,163.6,10.42,68.68,114,40.03,139.16,426.8,30.955,182.35,184.35,11.468,18.81,25.06,97.3,26.26,68.16,65,232.3,10.73,245.4,72.5,39.03,43.96,54.58,41.37
2023-02-24,15209.74,106.92,141.46,20.945,121.84,215.2,71.94,127.8,97.19,48.6,58.62,39.885,33.595,319.5,48.07,165.05,10.34,68.58,113.05,39.9,136.4,415.1,30,182.3,181.85,11.294,18.745,23.8,96.22,26.32,66.2,64.1,230.3,10.67,244.9,71.48,37.82,43.55,53.12,40.32
2023-02-27,15381.43,108.38,143.8,21.265,123.6,219.05,72.59,129.34,98.16,50.08,58.58,40.165,33.81,321,47.89,165.85,10.415,69.08,114,39.97,138.36,416.6,29.98,183.05,182.85,11.55,18.885,24.01,98.02,26.6,68.26,65.38,234.2,11.155,243.9,72.56,37.64,43.9,53.36,40.96
2023-02-28,15365.14,107.48,144.7,21.235,123.94,222.15,72.65,129.16,97.75,49.38,56.29,40.12,33.515,326.1,48.475,165,10.345,68.82,113,40.24,141.66,402.6,30.015,183.7,179.35,11.8,18.97,23.85,96.8,26.03,68,65.12,228.5,11.525,240.6,71.4,37.6,43.56,53.76,41.65
2023-03-01,15305.02,106.62,145.34,21.145,122.3,221.3,73.33,128.5,99.34,48.81,56.34,40.4,33.78,327.7,48.375,165.95,10.045,68.6,112.45,39.09,140.86,399.4,30.26,183.9,177.15,11.592,19.56,22.37,95.84,25.09,68.96,65.68,231.4,11.265,246.2,70.96,37.13,42.77,54.02,41.46
2023-03-02,15327.64,107.22,144.46,21.205,122.88,221,73.62,128.62,99.35,49.05,56.82,40.415,33.62,328.4,48.325,166.5,10.16,68.94,113.6,39.26,143,398.8,30.21,184.25,179.1,11.446,19.475,22.48,96.78,24.95,68.74,66.18,231.8,11.295,246.5,71.66,36.85,43.06,54.26,38.9
2023-03-03,15578.39,109.38,147.08,21.26,124.3,221.35,75.59,142.2,101.48,50.5,57.6,41.38,34.25,327.7,49.165,166.65,10.325,69.2,111.65,39.05,146,403.4,31.77,181.7,178.65,11.668,19.905,22.94,97.3,24.91,72.48,66,233.3,11.68,248.6,72.42,38.71,43.44,57.28,40.29
2023-03-06,15653.58,111.96,147.52,21.46,123.74,223.1,75.77,139.68,101.46,50.64,57.63,41.58,34.96,331.2,48.255,165.9,10.32,69.2,111.1,38.8,146.58,406.3,32.605,182.4,178,11.768,20.23,23.8,95.66,24.71,73,65.78,233.7,11.945,257.2,71.58,39.12,43.69,58.62,38.98
2023-03-07,15559.53,110.78,148.02,21.41,124.02,221.45,75.34,138.8,101,50.72,57.25,40.84,34.43,331,48.015,165.6,10.255,67.32,111.4,38.66,144.44,405.8,32.895,182.3,177.3,11.586,19.905,22.46,95.6,24.32,72.72,65.64,233.6,11.82,255.6,71.62,37.8,43.82,58.8,39.62
2023-03-08,15631.87,110.84,149.82,21.52,123.94,222.4,75.12,140.06,100.96,50.3,58.47,40.815,35.505,329.2,48.285,164.05,10.25,67.66,111.6,38.83,147.5,397.7,32.685,182.4,175.1,11.636,20,22.26,96.14,24.34,78.26,65.56,231.9,11.895,258,70.88,37.79,43.75,59.76,39.97
2023-03-09,15633.21,111.44,151.16,21.57,124.72,222.7,74.77,137.2,99.53,51.14,58.02,41.455,35.855,329.5,47.99,166.95,10.245,68.04,111.7,38.69,151.86,405.6,32.49,176.2,174.05,11.514,20.38,21.12,95.18,23.88,77.2,65.26,232.5,11.715,257,69.78,36.72,43.73,58.48,39.71
2023-03-10,15427.97,110.48,147.5,21.53,121.58,220.25,74.03,135.1,98.33,50.6,57.7,40.885,35.61,327.1,47.545,168.35,10.26,67.96,111.7,38.57,149.62,400.6,31.03,174,173.25,10.668,19.86,20.42,93.6,24.03,74.52,63.9,227.7,11.41,253.3,69.8,35.77,43.64,57.64,38.61
2023-03-13,14959.47,107.22,140.96,21.37,118.1,210.85,71.68,130.46,94.64,48.94,56.06,40.36,34.085,313.4,45.7,165.7,10.175,66.16,111,38.56,145.92,403.8,30.085,168.05,169.85,10.148,19.14,20.19,93.54,23.83,71.2,61.36,219.4,9.96,246.3,67.5,35.42,43.33,55.4,36.62
2023-03-14,15232.83,110.06,145.58,21.625,122.22,213.2,72.82,128.4,95.6,49.8,57.22,41.2,34.92,315.4,46.405,168.2,10.33,66.44,112.4,39.54,147.96,409.1,30.465,167.85,169.5,10.582,19.58,20.15,94.14,23.93,71.18,62.94,227.4,10.395,257.7,68.3,36.11,42.99,54.62,36.65
2023-03-15,14735.26,108.38,138.1,21.67,116.22,204.1,70.15,123.18,94.69,48.95,55.75,39.64,33.25,303.2,44.535,164.95,10.38,65.64,111.75,38.22,141.16,387.8,29.635,163.35,165.85,9.603,18.225,20.12,93.34,23.46,66.84,60.12,217.3,9.49,244.7,65.9,34.37,43.34,51.94,35.36
2023-03-16,14967.1,112.64,140.96,21.735,119.28,205.1,70.36,122.52,95.77,50.44,55.77,40.165,33.905,309.2,45.085,171.95,10.845,66.16,114,38.82,141.94,394.7,30.445,166.2,166.85,9.479,19.155,19.23,96.88,23.75,66.24,61.22,223.8,9.518,247,66.92,34.53,43.84,52.2,36.33
2023-03-17,14768.2,111.58,137.36,21.48,116.68,200.05,69.26,120.44,94.85,51.04,55.81,40.53,34.47,299.8,44.915,169.85,10.575,65.48,112.95,37.85,141.04,390.6,30.16,162.65,164.35,9.334,18.325,18.8,96.52,23.69,64.48,59.9,219.5,9.188,237.1,66.14,34.13,43.42,51.1,36.85
2023-03-20,14933.38,112.94,138.82,21.88,118.62,202.4,69.14,120.24,95.61,50.7,56.03,41.19,34.465,311.5,45.4,174.9,10.88,66.16,114.2,38.38,141.66,386.4,30.655,168.35,163.7,9.287,18.99,19.005,97.6,23.81,64.6,61.38,222.1,9.326,249.9,66.48,33.6,42.66,50.8,37.13
2023-03-21,15195.34,113.84,142.78,21.995,121.72,208.3,70.48,123.18,97.34,50.32,57.18,41.795,34.61,318.1,46.17,177.6,10.85,67.82,115.35,38.93,142.6,390,31.105,171.65,167.5,9.849,19.23,18.565,95.8,24.37,66.74,63.66,228.2,10.02,257.1,67.82,33.56,42.76,52.16,37.56
2023-03-22,15216.19,113.78,144.94,21.79,120.94,208.1,71.17,123.8,98.2,51,56.63,42.135,35.075,318.1,46.56,178.45,11.01,69.04,116.65,38.67,141,388.6,31.17,171.1,165.05,9.643,18.99,17.71,97.16,24.34,66.9,64.18,230.1,9.796,255.9,67.62,34.3,42.82,52.68,38.32
2023-03-23,15210.39,114.68,145.18,21.84,119.98,206.8,70.72,122.38,98.83,50.8,55.94,42.665,35.89,315.7,46.375,178.25,11.135,68.82,117.25,38.96,142.3,387.5,30.835,170.1,164.95,9.336,19.415,17.51,98.4,24.17,66.42,64.08,228.1,9.39,261.1,67.84,35.21,42.64,52,37.75
2023-03-24,14957.23,113.98,140.58,21.72,117.36,205.15,69.65,119,97.76,50.78,55.55,41.44,34.155,314.6,45.915,179.1,11.035,69.24,117.35,37.46,141.12,389.5,29.53,171.5,168.65,8.54,18.54,16.685,98.1,23.6,64.56,61.8,224.8,8.878,263,67.7,33.96,42.48,50.82,36.38
2023-03-27,15127.68,114.36,141.66,21.83,119.08,205.6,71.48,120.86,98.65,51.64,56,41.48,34.65,317,45.93,180.5,11.165,69.14,117.95,38.15,141,405.1,30.365,175.5,173.1,9.065,19.005,16.66,98.82,24.02,64.76,63.76,228.7,9.212,271.6,68.5,34.64,42.93,52.08,36.85
2023-03-28,15142.02,113.74,143.52,21.905,118.76,206.15,71.89,121.88,98.79,51.48,56.87,41.6,33.565,318.8,46.385,180.4,11.215,69.68,118.05,38.08,141.18,404,30.62,175.6,170.4,8.922,19.365,15.655,98.62,23.94,65.86,65.06,227,9.358,273.4,68.3,34.96,42.25,51.52,36.95
2023-03-29,15328.78,114.6,146.3,22.11,120.92,209.35,70.36,122.6,98.93,51.04,57.27,42.15,35.88,322.4,47.18,181.2,11.38,70.8,118.1,38.72,146.42,403.2,30.385,176.9,169.2,9.143,19.625,16.54,99.38,24.15,66.2,65.72,228.4,9.458,272.4,68.06,35.82,42.24,52.38,37.57
2023-03-30,15522.4,115.36,148.52,22.13,122.26,211.8,70.91,124.68,100.68,52.46,57.78,42.525,37.84,322.4,47.9,177.95,11.46,70.92,118.05,39.27,155,409.5,30.935,177.75,171.75,9.289,20.06,17.37,98.56,24.4,68.58,66.6,229.9,9.736,271.7,68.74,37.73,42,53.12,38.25
2023-03-31,15628.84,116.06,149.26,22.35,123.36,212.8,70.78,125.64,100.94,53.02,58.72,43.09,37.68,322.5,48.36,179.45,11.5,72.06,119.95,39.64,162.78,387,31.11,180.35,171.55,9.356,20.24,17.34,100.2,24.85,68.92,67.26,230.6,9.702,273.6,69.2,38.54,41.91,52.92,38.13
2023-04-03,15580.92,115.6,148.26,22.355,125.16,212.95,70.41,125.86,100.74,53.1,59.08,42.5,36.87,319.2,48.79,176.05,11.395,72.36,121.3,39.73,163.04,378,30.43,176.15,167.55,9.465,21.12,17.09,99.12,24.89,68.92,66.94,228.8,9.67,275.7,68.68,38.12,41.56,52.78,38.08
2023-04-04,15603.47,116.34,147.56,22.375,125.36,213.2,70.44,125.4,101.34,52.82,58.82,42.54,36.495,321.9,49.01,178.6,11.575,73.74,120.9,39.18,163.7,380,30.36,178.35,171.4,9.328,21.02,17.205,98.46,24.76,68.38,67.46,229.5,9.754,278,68.58,38.42,41.56,52.62,37.91
2023-04-05,15520.17,116.26,143.94,23.045,124.4,213.1,68.43,124.08,99.09,53.88,59.52,42.16,35.49,324.8,48.36,179.85,11.625,73.98,122.8,39.74,164,390.5,28.7,179.65,174.35,9.3,20.87,16.72,98.92,24.93,64.86,65.1,227.3,9.586,258.2,67.82,37.17,42.19,52.12,36.47
2023-04-06,15597.89,117,141.12,22.6,126.14,216.35,67.82,123.46,98.62,54.32,60.56,41.7,35.295,329.8,48.41,182.25,11.715,74.44,121.3,40.52,163.8,393.6,28.78,182.8,176.2,9.456,20.8,17.715,102.85,25.46,64.9,64.86,230.8,9.802,259.3,67.72,36.81,42.23,52.18,36.25
2023-04-11,15655.17,116.08,143.34,22.38,125.94,216.4,68.88,125.5,100.92,54.5,60.32,42.375,35.325,327.4,49.11,181.95,11.795,73.64,121.4,40.89,165.94,393.5,28.73,182.4,173.3,9.565,21.21,18.15,102,25.39,66,66.52,229.5,9.842,259.9,68.92,37.51,42.6,52.92,36.77
2023-04-12,15703.6,116.62,144.82,22.4,126.2,218.4,69.34,125.52,102.68,54.5,60.09,42.38,35.56,331.7,49.425,182.95,11.885,74.14,120.9,41,163.44,395.7,29.83,183.85,160.5,9.596,21.39,18.46,103.05,25.27,65.7,67.22,229.6,9.72,263.1,69.12,36.07,42.39,52.6,36.62
2023-04-13,15729.46,115.96,144.28,22.305,125.9,219.1,69.79,126.08,102.32,54.18,61.05,42.675,36.265,333.6,48.805,183.45,11.865,74.04,121.85,40.78,162.68,395.2,30,183.2,165.8,9.519,21.31,18.555,104,25.38,66.18,67.94,231.9,9.806,265.4,69.28,36.99,42.4,52.5,35.86
2023-04-14,15807.5,115.96,146.16,22.215,126.16,219.1,70.41,127.7,103.68,53.5,61.36,42.845,36.1,333.5,49.705,180.7,11.76,74.46,120.5,40.34,165.6,394.3,30.09,184.35,164.4,9.954,21.7,19.135,104.85,25.73,68.38,69.42,228.9,10.36,267.2,69.96,37.62,42.33,53.46,36.77
2023-04-17,15789.53,116.36,147.06,22.345,128.1,216.5,69.25,126.9,103.2,53.68,61.52,42.86,36.24,324.7,50.06,178.65,11.785,75.2,121.45,40.58,162.58,390.5,30.46,179.6,165,9.733,21.54,19.195,104.95,25.66,69.1,70.18,234.6,10,267,70.48,37.31,42.06,52.54,37.14
2023-04-18,15882.67,116.72,147.2,22.455,128.28,219,70.17,126.58,104.1,53.68,61.4,43.59,36.705,329.2,50.52,178.65,11.895,75.44,122.25,40.43,163,387.8,30.3,181.85,163.3,9.914,21.3,19.37,105.95,25.78,69.66,70.7,242.9,10.335,269.9,72.5,37.58,41.67,52.22,37.88
